'count', 'stem_color_RGB', 'primary_RGB', 'secondary_RGB', 'stem_color_XYZ', 'primary_XYZ', 'secondary_XYZ', 'stem_color_LAB', 'primary_LAB', 'secondary_LAB', 'stem_color_HSI', 'primary_HSI', 'secondary_HSI'
Flower_jtca001.jpg,16,"(35, 72, 55)","(255, 219, 79)","(209, 40, 21)","(13580.781510072497, 19915.506962602409, 11978.013465515305)","(373715.70861028851, 379906.11541121872, 65240.823444409863)","(144585.09029325732, 76970.29342761416, 6079.0474530295251)","(3128.2840882027704, -1477.9744063246767, 542.4870951506578)","(8385.369466446025, 242.31034336861512, 5901.279131005026)","(4918.377479921592, 5294.662075687128, 4616.017707922543)","(152.43243243243245, -0.3523809523809524, 53.5)","(47.72727272727275, -0.5301204819277109, 167.0)","(6.063829787234056, -0.8245614035087719, 115.0)"
